${0},,
${0} ${1} already exists.,${0} ${1} ya existe.,
${0} ${1} does not exist,${0} ${1} no existe.,
${0} ${1} has been modified after loading please reload entry.,"${0} ${1} ha sido modificado después de cargar, por favor recargue la entrada.",
${0} ${1} is linked with existing records.,${0} ${1} está vinculado con registros existentes.,
${0} account not set in Inventory Settings.,${0} cuenta no configurada en Configuración de Inventario.,
${0} already saved,${0} ya guardado.,
${0} already submitted,${0} ya enviado.,
${0} cancelled,${0} cancelado.,
${0} cannot be cancelled,${0} no se puede cancelar.,
${0} cannot be deleted,${0} no se puede eliminar.,
${0} deleted,${0} eliminado.,
${0} entries failed,${0} entradas fallidas.,
${0} entries imported,${0} entradas importadas.,
${0} entry failed,${0} entrada fallida.,
${0} entry imported,${0} entrada importada.,
${0} fields selected,${0} campos seleccionados.,
${0} filters applied,${0} filtros aplicados.,
${0} has linked child accounts.,${0} tiene cuentas hijas vinculadas.,
${0} of type ${1} does not exist,${0} de tipo ${1} no existe.,
${0} out of ${1},${0} de ${1}.,
${0} party ${1} is different from ${2},${0} parte ${1} es diferente de ${2}.,
${0} quantity 1 added.,${0} cantidad 1 añadida.,
${0} row added.,${0} fila añadida.,
${0} rows,${0} filas.,
${0} rows added.,${0} filas añadidas.,
${0} saved,${0} guardado.,
${0} shortcuts,${0} atajos.,
${0} stored at ${1},${0} almacenado en ${1}.,
${0} submitted,${0} enviado.,
${0} value ${1} does not exist.,${0} valor ${1} no existe.,
0%,0%,
03-23-2022,23-03-2022,
03/23/2022,23/03/2022,
1 filter applied,1 filtro aplicado.,
2022-03-23,2022-03-23,
"23 Mar, 2022","23 Mar, 2022",
23-03-2022,23-03-2022,
23.03.2022,23.03.2022,
23/03/2022,23/03/2022,
9888900000,9888900000,
A submittable entry is deleted only if it is in the cancelled state.,Una entrada enviable se elimina solo si está en estado cancelado.,
Account,Cuenta,
Account ${0} does not exist.,Cuenta ${0} no existe.,
Account Entries,Entradas de Cuenta,
Account Name,Nombre de Cuenta,
Account Type,Tipo de Cuenta,
Accounting,Contabilidad,
Accounting Entries,Entradas Contables,
Accounting Ledger Entry,Entrada del Libro Mayor Contable,
Accounting Settings,Configuración Contable,
Accounts,Cuentas,
Accounts Payable,Cuentas por Pagar,
Accounts Receivable,Cuentas por Cobrar,
Accumulated Depreciation,Depreciación Acumulada,
Action,Acción,
Active,Activo,
Add Account,Añadir Cuenta,
Add Customers,Añadir Clientes,
Add Group,Añadir Grupo,
Add Items,Añadir Artículos,
Add Row,Añadir Fila,
Add Suppliers,Añadir Proveedores,
Add Taxes,Añadir Impuestos,
Add a few customers to create your first sales invoice,Añadir algunos clientes para crear tu primera factura de venta.,
Add a few suppliers to create your first purchase invoice,Añadir algunos proveedores para crear tu primera factura de compra.,
Add a filter,Añadir un filtro.,
Add a remark,Añadir un comentario.,
Add attachment,Añadir adjunto.,
Add invoice terms,Añadir términos de factura.,
Add products or services that you buy from your suppliers,Añadir productos o servicios que compras a tus proveedores.,
Add products or services that you sell to your customers,Añadir productos o servicios que vendes a tus clientes.,
Add transfer terms,Añadir términos de transferencia.,
Add'l Discounts,Descuentos Adicionales,
Additional ${0} Serial Numbers required for ${1} quantity of ${2}.,Números de Serie Adicionales ${0} requeridos para ${1} cantidad de ${2}.,
Additional quantity (${0}) required${1} to make outward transfer of item ${2} from ${3} on ${4},Cantidad adicional (${0}) requerida${1} para hacer la transferencia de salida del artículo ${2} desde ${3} en ${4}.,
Address,Dirección,
Address Display,Mostrar Dirección,
Address Line 1,Línea de Dirección 1,
Address Line 2,Línea de Dirección 2,
Address Name,Nombre de Dirección,
Administrative Expenses,Gastos Administrativos,
All,Todo,
Amount,Monto,
Amount Paid,Monto Pagado,
Amount: ${0} and writeoff: ${1} is less than the total amount allocated to references: ${2}.,Monto: ${0} y cancelación: ${1} es menor que el monto total asignado a referencias: ${2}.,
Amount: ${0} is less than the total amount allocated to references: ${1}.,Monto: ${0} es menor que el monto total asignado a referencias: ${1}.,
Amounts,Montos,
An entry is cancelled only if it is in the submitted state.,Una entrada se cancela solo si está en estado enviado.,
An entry is submitted only if it is submittable and is in the saved state.,Una entrada se envía solo si es enviable y está en estado guardado.,
An error occurred.,Ocurrió un error.,
Applicable anywhere in Frappe Books,Aplicable en cualquier lugar de Frappe Books.,
Applicable when Quick Search is open,Aplicable cuando la Búsqueda Rápida está abierta.,
Applicable when Template Builder is open,Aplicable cuando el Constructor de Plantillas está abierto.,
Applicable when a entry is open in the Form view or Quick Edit view,Aplicable cuando una entrada está abierta en la vista de Formulario o Edición Rápida.,
Applicable when the List View of an entry type is open,Aplicable cuando la Vista de Lista de un tipo de entrada está abierta.,
Application of Funds (Assets),Aplicación de Fondos (Activos),
Apply Discount After Tax,Aplicar Descuento Después de Impuestos,
Apply and view changes made to the print template,Aplicar y ver los cambios realizados en la plantilla de impresión.,
April,Abril,
Arial,Arial,
Ascending Order,Orden Ascendente,
Asset,Activo,
Attach Image,Adjuntar Imagen,
Attachment,Adjunto,
August,Agosto,
Auto Payments,Pagos Automáticos,
Auto Stock Transfer,Transferencia Automática de Inventario,
Autocomplete,Autocompletar,
Back,Atrás,
Back Reference,Referencia Posterior,
"Bad import data, could not read file.","Datos de importación incorrectos, no se pudo leer el archivo.",
Balance,Balance,
Balance Amount,Monto del Balance,
Balance Sheet,Balance General,
Bank,Banco,
Bank Accounts,Cuentas Bancarias,
Bank Entry,Entrada Bancaria,
Bank Name,Nombre del Banco,
Bank Overdraft Account,Cuenta de Sobregiro Bancario,
Barcode,Código de Barras,
Base Grand Total,Total Base,
Based On,Basado En,
Batch,Lote,
Batch not set for row ${0}.,Lote no configurado para la fila ${0}.,
Batch set for row ${0}.,Lote configurado para la fila ${0}.,
Bill Created,Factura Creada,
Billing,Facturación,
Black,Negro,
Blue,Azul,
Both,Ambos,
Both From and To Location cannot be undefined,Ambas Ubicaciones de Origen y Destino no pueden estar indefinidas.,
Buildings,Edificios,
Cancel,Cancelar,
Cancel ${0}?,¿Cancelar ${0}?,
Cancel or Delete an entry.,Cancelar o Eliminar una entrada.,
Cancelled,Cancelado,
Cannot Commit Error,Error al Confirmar,
Cannot Delete,No se Puede Eliminar,
Cannot Delete Account,No se Puede Eliminar la Cuenta,
Cannot Export,No se Puede Exportar,
Cannot Import,No se Puede Importar,
Cannot Open File,No se Puede Abrir el Archivo,
Cannot cancel ${0} ${1} because of the following ${2}: ${3},No se puede cancelar ${0} ${1} debido a lo siguiente ${2}: ${3},
Cannot cancel ${0} because of the following ${1}: ${2},No se puede cancelar ${0} debido a lo siguiente ${1}: ${2},
"Cannot delete ${0} ""${1}"" because of linked entries.","No se puede eliminar ${0} ""${1}"" debido a entradas vinculadas.",
Cannot open file,No se puede abrir el archivo,
Cannot perform operation.,No se puede realizar la operación.,
Cannot read file,No se puede leer el archivo,
Capital Equipments,Equipos de Capital,
Capital Stock,Capital Social,
Cash,Efectivo,
Cash Denominations,Denominaciones de Efectivo,
Cash Entry,Entrada de Efectivo,
Cash In Hand,Efectivo en Mano,
Cashflow,Flujo de Caja,
Central Tax,Impuesto Central,
Change DB,Cambiar Base de Datos (DB),
Change File,Cambiar Archivo,
Change Ref Type,Cambiar Tipo de Referencia,
Changes made to settings will be visible on reload.,Los cambios realizados en la configuración serán visibles al recargar.,
Chargeable,Cobrable,
Chart Of Accounts Reviewed,Plan de Cuentas Revisado,
Chart of Accounts,Plan de Cuentas,
Check,Cheque,
Cheque,Cheque,
City / Town,Ciudad / Pueblo,
Clear,Limpiar,
Clearance Date,Fecha de Despacho,
Close,Cerrar,
Close Frappe Books and try manually.,Cerrar Frappe Books e intentar manualmente.,
Close POS Shift,Cerrar Turno de POS,
Close Quick Search,Cerrar Búsqueda Rápida,
Closing,Cierre,
Closing ${0} Amount can not be negative.,El Monto de Cierre ${0} no puede ser negativo.,
Closing (Cr),Cierre (Cr),
Closing (Dr),Cierre (Dr),
Closing Amount,Monto de Cierre,
Closing Cash In Denominations,Cierre de Efectivo en Denominaciones,
Closing Date,Fecha de Cierre,
Collapse,Colapsar,
Color,Color,
Commission on Sales,Comisión sobre Ventas,
Common,Común,
Company,Compañía,
Company Logo,Logo de la Compañía,
Company Name,Nombre de la Compañía,
Company Setup,Configuración de la Compañía,
Completed,Completado,
Condition,Condición,
Consolidate Columns,Consolidar Columnas,
Contacts,Contactos,
Contains,Contiene,
Continue submitting Sales Invoice?,¿Continuar enviando la Factura de Venta?,
Contra Entry,Entrada de Contra,
Conversion Error,Error de Conversión,
Conversion Factor,Factor de Conversión,
Cost Of Goods Sold Acc.,Costo de los Bienes Vendidos Acc.,
Cost of Goods Sold,Costo de los Bienes Vendidos,
"Could not connect to database file ${0}, please select the file manually","No se pudo conectar al archivo de base de datos ${0}, por favor seleccione el archivo manualmente.",
Count,Contar,
Counter Cash Account,Cuenta de Efectivo en Caja,
Country,País,
Country Code,Código de País,
Country code used to initialize regional settings.,Código de país utilizado para inicializar la configuración regional.,
Courier,Mensajero,
Cr.,Cr.,
Cr. ${0},Cr. ${0},
Create,Crear,
Create Demo,Crear Demo,
Create Purchase,Crear Compra,
Create Purchase Invoice,Crear Factura de Compra,
Create Sale,Crear Venta,
Create Sales Invoice,Crear Factura de Venta,
Create a demo company to try out Frappe Books,Crear una empresa de demostración para probar Frappe Books,
Create a new company and store it on your computer,Crear una nueva empresa y almacenarla en tu computadora,
Create a new company or select an existing one from your computer,Crear una nueva empresa o seleccionar una existente desde tu computadora,
Create a new entry of the same type as the List View,Crear una nueva entrada del mismo tipo que la Vista de Lista,
Create new ${0} entry?,¿Crear nueva entrada ${0}?,
Create your first purchase invoice from the created supplier,Crear tu primera factura de compra del proveedor creado,
Create your first sales invoice for the created customer,Crear tu primera factura de venta para el cliente creado,
Created,Creado,
Created By,Creado Por,
Creating Items and Parties,Creando Artículos y Partes,
Creating Journal Entries,Creando Asientos de Diario,
Creating Purchase Invoices,Creando Facturas de Compra,
Credit,Crédito,
Credit Card Entry,Entrada de Tarjeta de Crédito,
Credit Note,Nota de Crédito,
Creditors,Acreedores,
Currency,Moneda,
Currency Name,Nombre de la Moneda,
Current,Actual,
Current Assets,Activos Corrientes,
Current Liabilities,Pasivos Corrientes,
Custom Field,Campo Personalizado,
Custom Fields,Campos Personalizados,
Custom Form,Formulario Personalizado,
Custom Hex,Hex Personalizado,
Customer,Cliente,
Customer Created,Cliente Creado,
Customer Currency,Moneda del Cliente,
Customers,Clientes,
Customizations,Personalizaciones,
Customize Form,Personalizar Formulario,
Customize your invoices by adding a logo and address details,Personaliza tus facturas añadiendo un logo y detalles de dirección,
Dashboard,Tablero,
Data,Datos,
Database Error,Error de Base de Datos,
Database file: ${0},Archivo de base de datos: ${0},
Date,Fecha,
Date Format,Formato de Fecha,
Date Time,Fecha y Hora,
Day,Día,
Debit,Débito,
Debit Note,Nota de Débito,
Debtors,Deudores,
December,Diciembre,
Decrease print template display scale,Disminuir escala de visualización de la plantilla de impresión,
Default,Predeterminado,
Default Account,Cuenta Predeterminada,
Default Cash Denominations,Denominaciones de Efectivo Predeterminadas,
Default Location,Ubicación Predeterminada,
Defaults,Predeterminados,
Delete,Eliminar,
Delete ${0}?,¿Eliminar ${0}?,
Delete Account,Eliminar Cuenta,
Delete Failed,Eliminación Fallida,
Delete Group,Eliminar Grupo,
Delivered,Entregado,
Denomination,Denominación,
Depreciation,Depreciación,
Depreciation Entry,Entrada de Depreciación,
Description,Descripción,
Details,Detalles,
Difference Amount,Monto de la Diferencia,
Direct Expenses,Gastos Directos,
Direct Income,Ingresos Directos,
"Directory for database file ${0} does not exist, please select the file manually","El directorio para el archivo de base de datos ${0} no existe, por favor seleccione el archivo manualmente",
Disabled,Deshabilitado,
Discount Account,Cuenta de Descuento,
Discount Account is not set.,La Cuenta de Descuento no está configurada.,
Discount Amount,Monto del Descuento,
Discount Amount (${0}) cannot be greated than Amount (${1}).,El Monto del Descuento (${0}) no puede ser mayor que el Monto (${1}).,
Discount Percent,Porcentaje de Descuento,
Discount Percent (${0}) cannot be greater than 100.,El Porcentaje de Descuento (${0}) no puede ser mayor que 100.,
Discounted Amount,Monto Descontado,
Discounts,Descuentos,
Display Doc,Mostrar Documento,
Display Logo in Invoice,Mostrar Logo en la Factura,
Display Precision,Precisión de Visualización,
Display Precision should have a value between 0 and 9.,La Precisión de Visualización debe tener un valor entre 0 y 9.,
Display Scale,Escala de Visualización,
Dividends Paid,Dividendos Pagados,
Doc ${0} ${1} not set,Doc ${0} ${1} no configurado,
Docs,Documentos,
Documentation,Documentación,
Does Not Contain,No Contiene,
Done,Hecho,
Dr.,Dr.,
Dr. ${0},Dr. ${0},
Draft,Borrador,
Duplicate,Duplicar,
Duplicate Entry,Entrada Duplicada,
Duplicate Template,Plantilla Duplicada,
Duplicate columns found: ${0},Columnas duplicadas encontradas: ${0},
Duties and Taxes,Derechos e Impuestos,
Dynamic Link,Enlace Dinámico,
Earnest Money,Dinero en Garantía,
Electronic Equipments,Equipos Electrónicos,
Email,Correo Electrónico,
Email Address,Dirección de correo electrónico,
Empty,Vacío,
Empty file selected,Archivo vacío seleccionado,
Enable Barcodes,Habilitar Códigos de Barras,
Enable Batches,Habilitar Lotes,
Enable Discount Accounting,Habilitar Contabilidad de Descuentos,
Enable Form Customization,Habilitar Personalización de Formularios,
Enable Inventory,Habilitar Inventario,
Enable Invoice Returns,Habilitar Devoluciones de Facturas,
Enable Point of Sale,Habilitar Punto de Venta,
Enable Price List,Habilitar Lista de Precios,
Enable Serial Number,Habilitar Número de Serie,
Enable Stock Returns,Habilitar Devoluciones de Inventario,
Enable UOM Conversion,Habilitar Conversión de UOM,
Enabled,Habilitado,
Enabled For,Habilitado Para,
Enter Country to load States,Ingresar País para cargar Estados,
Enter State,Ingresar Estado,
Enter barcode,Ingresar código de barras,
Entertainment Expenses,Gastos de Entretenimiento,
Entry,Entrada,
Entry Currency,Moneda de Entrada,
Entry Label,Etiqueta de Entrada,
Entry No,No de Entrada,
Entry No.,No. de Entrada,
Entry Type,Tipo de Entrada,
Entry has Grand Total ${0}. Please verify amounts.,"La entrada tiene un Total General de ${0}. Por favor, verifique los montos.",
Equity,Patrimonio,
Error,Error,
Exchange Gain/Loss,Gacia/Pérdida por Cambio,
Exchange Rate,Tipo de Cambio,
Excise Entry,Entrada de Impuestos,
Existing Company,Empresa Existente,
Expand,Expandir,
Expected Amount,Monto Esperado,
Expense,Gasto,
Expense Account,Cuenta de Gasto,
Expenses,Gastos,
Expenses Included In Valuation,Gastos Incluidos en la Valoración,
Expiry Date,Fecha de Vencimiento,
Export,Exportar,
Export Failed,Exportación Fallida,
Export Format,Formato de Exportación,
Export Successful,Exportación Exitosa,
Export Wizard,Asistente de Exportación,
Failed,Fallido,
Fax,Fax,
Features,Características,
February,Febrero,
Field,Campo,
Fieldname,Nombre del Campo,
Fieldname ${0} already exists for ${1},El nombre del campo ${0} ya existe para ${1},
Fieldname ${0} already used for Custom Field ${1},El nombre del campo ${0} ya se usa para el Campo Personalizado ${1},
Fieldtype,Tipo de Campo,
File ${0} does not exist.,El archivo ${0} no existe.,
File selection failed,Fallo en la selección del archivo,
Fill,Rellenar,
Filter,Filtro,
Fiscal Year,Año Fiscal,
Fiscal Year End Date,Fecha de Fin del Año Fiscal,
Fiscal Year Start Date,Fecha de Inicio del Año Fiscal,
Fix Failed,Reparación Fallida,
Fixed Asset,Activo Fijo,
Fixed Assets,Activos Fijos,
Float,Flotante,
Following cells have errors: ${0}.,Las siguientes celdas tienen errores: ${0}.,
Following links do not exist: ${absentLinks .map((l) =>,Los siguientes enlaces no existen: ${absentLinks .map((l) =>,
Font,Fuente,
For Purchase,Para Compra,
For Sales,Para Ventas,
Forbidden Error,Error Prohibido,
Form Section,Sección del Formulario,
Form Tab,Pestaña del Formulario,
Form Type,Tipo de Formulario,
Fr,Fr,
Fraction,Fracción,
Fraction Units,Unidades de Fracción,
Frappe Books does not have access to the selected file: ${0},Frappe Books no tiene acceso al archivo seleccionado: ${0},
Freight and Forwarding Charges,Cargos de Flete y Expedición,
From,Desde,
From Account,Desde la Cuenta,
From Date,Desde la Fecha,
From Loc.,Desde la Ubicación,
From Year,Desde el Año,
Full Name,Nombre Completo,
Furnitures and Fixtures,Muebles y Accesorios,
GST,GST,
GSTIN No.,No. GSTIN,
GSTR1,GSTR1,
GSTR2,GSTR2,
Gain/Loss on Asset Disposal,Gacia/Pérdida por Disposición de Activos,
General,General,
General Ledger,Libro Mayor General,
Get Started,Empezar,
Global,Global,
Go back to the previous page,Volver a la página anterior,
Gram,Gramo,
Grand Total,Total General,
Greater Than,Mayor Que,
Green,Verde,
Group By,Agrupar Por,
HSN/SAC,HSN/SAC,
HSN/SAC Code,Código HSN/SAC,
Half Yearly,Semestral,
Half Years,Semestres,
Has Batch,Tiene Lote,
Has Serial Number,Tiene Número de Serie,
Height (in cm),Altura (en cm),
Help,Ayuda,
Hex Value,Valor Hexadecimal,
Hidden values will be visible on Print on.,Los valores ocultos serán visibles en la impresión.,
Hide Get Started,Ocultar Empezar,
Hide Group Amounts,Ocultar Montos de Grupo,
Hide Month/Year,Ocultar Mes/Año,
Hides the Get Started section from the sidebar. Change will be visible on restart or refreshing the app.,Oculta la sección Empezar de la barra lateral. El cambio será visible al reiniciar o actualizar la aplicación.,
Hour,Hora,
INR,INR,
Image,Imagen,
Import Complete,Importación Completa,
Import Data,Importar Datos,
Import Data.,Importar Datos.,
Import Type,Tipo de Importación,
Import Wizard,Asistente de Importación,
"Importer not set, reload tool","Importador no configurado, recargar herramienta",
Inactive,Inactivo,
Include Cancelled,Incluir Cancelados,
Income,Ingresos,
Income Account,Cuenta de Ingresos,
Increase print template display scale,Aumentar escala de visualización de la plantilla de impresión,
Indigo,Índigo,
Indirect Expenses,Gastos Indirectos,
Indirect Income,Ingresos Indirectos,
Inflow,Entrada,
Instance Id,Id de Instancia,
Insufficient Quantity,Cantidad Insuficiente,
Insufficient Quantity.,Cantidad Insuficiente.,
Insufficient Quantity. Item ${0} has only ${1} quantities available. you selected ${2},Cantidad Insuficiente. El artículo ${0} solo tiene ${1} cantidades disponibles. seleccionaste ${2},
Int,Int,
Intergrated Tax,Impuesto Integrado,
Internal Precision,Precisión Interna,
Invalid Key Error,Error de Clave Inválida,
Invalid Quantity for Item ${0},Cantidad Inválida para el Artículo ${0},
Invalid barcode value ${0}.,Valor de código de barras inválido ${0}.,
Invalid value ${0} for ${1},Valor inválido ${0} para ${1},
Invalid value found for ${0},Valor inválido encontrado para ${0},
Inventory,Inventario,
Inventory Settings,Configuración de Inventario,
Investments,Inversiones,
Invoice,Factura,
Invoice Created,Factura Creada,
Invoice Date,Fecha de Factura,
Invoice Item,Artículo de Factura,
Invoice No,No de Factura,
Invoice No.,No. de Factura,
Invoice Value,Valor de la Factura,
Invoices,Facturas,
Is,Es,
Is Custom,Es Personalizado,
Is Empty,Está Vacío,
Is Group,Es Grupo,
Is Landscape,Es Horizontal,
Is Not,No Es,
Is Not Empty,No Está Vacío,
Is POS Shift Open,¿Está Abierto el Turno de POS?,
Is Price List Enabled,¿Está Habilitada la Lista de Precios?,
Is Required,Es Requerido,
Is Whole,Es Completo,
Item,Artículo,
Item ${0} has Zero Quantity,El artículo ${0} tiene Cantidad Cero,
Item ${0} is a batched item,El artículo ${0} es un artículo por lotes,
Item ${0} is not a batched item,El artículo ${0} no es un artículo por lotes,
Item ${0} not in Stock,El artículo ${0} no está en Stock,
Item Description,Descripción del Artículo,
Item Discounts,Descuentos del Artículo,
Item Name,Nombre del Artículo,
Item Prices,Precios del Artículo,
Item with From location not found,Artículo con ubicación de origen no encontrado,
Item with To location not found,Artículo con ubicación de destino no encontrado,
Item with barcode ${0} not found.,Artículo con código de barras ${0} no encontrado.,
Items,Artículos,
January,Enero,
John Doe,John Doe,
Journal Entries,Asientos de Diario,
Journal Entry,Asiento de Diario,
Journal Entry Account,Cuenta de Asiento de Diario,
Journal Entry Number Series,Serie de Números de Asiento de Diario,
Journal Entry Print Template,Plantilla de Impresión de Asiento de Diario,
July,Julio,
June,Junio,
Key Hints,Pistas de Claves,
Kg,Kg,
Label,Etiqueta,
Language,Idioma,
Left Index,Índice Izquierdo,
Legal Expenses,Gastos Legales,
Less Filters,Menos Filtros,
Less Than,Menor Que,
Liability,Pasivo,
Limit,Límite,
Link,Enlace,
Link Validation Error,Error de Validación de Enlace,
Linked Entries,Entradas Vinculadas,
List,Lista,
List View,Vista de Lista,
Load an existing company from your computer,Cargar una empresa existente desde tu computadora,
Loading Report...,Cargando Reporte...,
Loading instance...,Cargando instancia...,
Loading...,Cargando...,
Loans (Liabilities),Préstamos (Pasivos),
Loans and Advances (Assets),Préstamos y anticipos (activos),
Locale,Local,
Location,Ubicación,
Location Name,Nombre de la Ubicación,
Logo,Logo,
Make Entry,Hacer Entrada,
Make Payment On Submit,Realizar Pago al Enviar,
Make Purchase Receipt On Submit,Crear Recibo de Compra al Enviar,
Make Shipment On Submit,Realizar Envío al Enviar,
Mandatory Error,Error Obligatorio,
Manufacture,Fabricar,
Manufacture Date,Fecha de Fabricación,
"Mar 23, 2022","23 Mar, 2022",
March,Marzo,
Mark ${0} as submitted?,¿Marcar ${0} como enviado?,
Marketing Expenses,Gastos de Marketing,
Material Issue,Emisión de Material,
Material Receipt,Recepción de Material,
Material Transfer,Transferencia de Material,
May,Mayo,
Meter,Metro,
Misc,Varios,
Miscellaneous,Misceláneo,
Miscellaneous Expenses,Gastos Misceláneos,
Mo,Mo,
Modified,Modificado,
Modified By,Modificado Por,
Monthly,Mensual,
Months,Meses,
More,Más,
More Filters,Más Filtros,
More shortcuts will be added soon.,Se agregarán más atajos pronto.,
Movement Type,Tipo de Movimiento,
Name,Nombre,
Navigate,Navegar,
Need ${0} Serial Numbers for Item ${1}. You have provided ${2},Necesita ${0} Números de Serie para el Artículo ${1}. Has proporcionado ${2},
Net Total,Total Neto,
New ${0},Nuevo ${0},
New ${0} ${1},Nuevo ${0} ${1},
New Account,Nueva Cuenta,
New Company,Nueva Empresa,
New Entry,Nueva Entrada,
New Template,Nueva Plantilla,
No,No,
No Display Entries Found,No se encontraron entradas de visualización,
No Print Templates not found for entry type ${0},No se encontraron plantillas de impresión para el tipo de entrada ${0},
No Value,Sin Valor,
No Values to be Displayed,No hay valores para mostrar,
No entries found,No se encontraron entradas,
No entries were imported.,No se importaron entradas.,
No expenses in this period,No hay gastos en este período,
No filters selected,No se seleccionaron filtros,
No linked entries found,No se encontraron entradas vinculadas,
No results found,No se encontraron resultados,
No rows added. Select a file or add rows.,No se agregaron filas. Seleccione un archivo o agregue filas.,
No transactions yet,No hay transacciones aún,
Non Active Serial Number ${0} cannot be used as Manufacture raw material,El Número de Serie No Activo ${0} no se puede usar como materia prima de fabricación,
Non Active Serial Number ${0} cannot be used for Material Issue,El Número de Serie No Activo ${0} no se puede usar para Emisión de Material,
Non Active Serial Number ${0} cannot be used for Material Transfer,El Número de Serie No Activo ${0} no se puede usar para Transferencia de Material,
Non Inactive Serial Number ${0} cannot be used for Material Receipt,El Número de Serie No Inactivo ${0} no se puede usar para Recepción de Material,
,Ninguno,
Not Found,No Encontrado,
Not Saved,No Guardado,
Not Submitted,No Enviado,
Not Transferred,No Transferido,
Notes,Notas,
November,Noviembre,
Number Display,Visualización de Números,
Number Series,Serie de Números,
Number of ${0},Número de ${0},
Number of Rows,Número de Filas,
October,Octubre,
Office Equipments,Equipos de Oficina,
Office Maintece Expenses,Gastos de Mantenimiento de Oficina,
Office Rent,Alquiler de Oficina,
Okay,Aceptar,
Onboarding Complete,Incorporación Completa,
Only From or To can be set for Manufacture,Solo se puede configurar Desde o Hasta para Fabricación,
Open Count,Contar Abierto,
Open Documentation,Abrir Documentación,
Open Folder,Abrir Carpeta,
Open Print View,Abrir Vista de Impresión,
Open Print View if Print is available.,Abrir Vista de Impresión si la Impresión está disponible.,
Open Quick Search,Abrir Búsqueda Rápida,
Open Report Print View,Abrir Vista de Impresión del Informe,
Open the Export Wizard modal,Abrir el modal del Asistente de Exportación,
Opening (Cr),Apertura (Cr),
Opening (Dr),Apertura (Dr),
Opening Amount,Monto de Apertura,
Opening Balance Equity,Patrimonio del Balance de Apertura,
Opening Balances,Saldos de Apertura,
Opening Cash Amount can not be negative.,El Monto de Efectivo de Apertura no puede ser negativo.,
Opening Cash In Denominations,Efectivo de Apertura en Denominaciones,
Opening Date,Fecha de Apertura,
Opening Entry,Entrada de Apertura,
Options,Opciones,
Orange,Naranja,
Organisation,Organización,
Outflow,Salida,
Outstanding,Pendiente,
Outstanding Amount,Monto Pendiente,
POS,POS,
POS Counter Cash Account is not set. Please set it on POS Settings,La Cuenta de Efectivo del Mostrador POS no está configurada. Por favor configúrela en Configuración de POS,
POS Customer,Cliente POS,
POS Inventory is not set. Please set it on POS Settings,El Inventario POS no está configurado. Por favor configúrelo en Configuración de POS,
POS Settings,Configuración de POS,
POS Shift Amount,Monto del Turno POS,
POS Write Off Account is not set. Please set it on POS Settings,La Cuenta de Cancelación de POS no está configurada. Por favor configúrela en Configuración de POS,
Pad Zeros,Rellenar con Ceros,
Page,Página,
Paid,Pagado,
Paid ${0},Pagado ${0},
Paid Change,Cambio Pagado,
Parent,Padre,
Parent Account,Cuenta Principal,
Party,Parte,
Patch Run,Ejecución de Parche,
Pay,Pagar,
Payable,Pagadero,
Payment,Pago,
Payment ${0} is Saved,Pago ${0} está Guardado,
Payment For,Pago Para,
Payment Method,Método de Pago,
Payment No,No de Pago,
Payment Number Series,Serie de Números de Pago,
Payment Print Template,Plantilla de Impresión de Pago,
Payment Reference,Referencia de Pago,
Payment Type,Tipo de Pago,
Payment amount cannot be ${0}.,El monto del pago no puede ser ${0}.,
Payment amount cannot be less than zero.,El monto del pago no puede ser menor que cero.,
Payment amount cannot exceed ${0}.,El monto del pago no puede exceder ${0}.,
Payment amount: ${0} should be greater than 0.,El monto del pago: ${0} debe ser mayor que 0.,
Payment amount: ${0} should be less than Outstanding amount: ${1}.,El monto del pago: ${0} debe ser menor que el monto pendiente: ${1}.,
"Payment of ${0} will be made from account ""${1}"" to account ""${2}"" on Submit.","El pago de ${0} se realizará desde la cuenta ""${1}"" a la cuenta ""${2}"" al Enviar.",
Payments,Pagos,
Payroll Payable,Nómina A Pagar,
Pending Qty. ${0},Cantidad Pendiente. ${0},
Pending qty. ${0},cantidad pendiente. ${0},
Periodicity,Periodicidad,
Phone,Teléfono,
Pick Columns,Seleccionar Columnas,
Pick Import Columns,Seleccionar Columnas de Importación,
Pink,Rosa,
Place,Lugar,
Place of supply,Lugar de suministro,
Plants and Machineries,Plantas y Maquinarias,
Please Wait,Por favor espere,
Please check Key Hints for valid key names,"Por favor, revisa las Pistas de Claves para nombres de claves válidos",
Please create a ${0} entry to view Template Preview.,"Por favor, crea una entrada ${0} para ver la Vista Previa de la Plantilla.",
Please fill all values.,"Por favor, llena todos los valores.",
Please restart and try again.,"Por favor, reinicia e intenta de nuevo.",
Please select a Print Template,"Por favor, selecciona una Plantilla de Impresión",
Please select a valid reference type.,"Por favor, selecciona un tipo de referencia válido.",
Please set GSTIN in General Settings.,"Por favor, configura el GSTIN en Configuración General.",
Please set Round Off Account in the Settings.,"Por favor, configura la Cuenta de Redondeo en la Configuración.",
Please set a Display Doc,"Por favor, configura un Documento de Visualización",
Point of Sale,Punto de Venta,
Postal Code,Código Postal,
Postal Expenses,Gastos Postales,
Posting Date,Fecha de Publicación,
Prefix,Prefijo,
Price List,Lista de Precios,
Price List Item,Artículo de Lista de Precios,
Prime Bank,Banco Principal,
Print,Imprimir,
Print ${0},Imprimir ${0},
Print Settings,Configuración de Impresión,
Print Setup,Configuración de Impresión,
Print Template,Plantilla de Impresión,
Print Template Name not set,Nombre de la Plantilla de Impresión no configurado,
Print Template is empty,La Plantilla de Impresión está vacía,
Print Templates,Plantillas de Impresión,
Print View,Vista de Impresión,
Print and Stationery,Impresión y Papelería,
Product,Producto,
Profit And Loss,Gacias y Pérdidas,
Profit and Loss,Gacias y Pérdidas,
Purchase,Compra,
Purchase Acc.,Compra Acc.,
Purchase Invoice,Factura de Compra,
Purchase Invoice Item,Artículo de Factura de Compra,
Purchase Invoice Number Series,Serie de Números de Factura de Compra,
Purchase Invoice Print Template,Plantilla de Impresión de Factura de Compra,
Purchase Invoice Terms,Términos de Factura de Compra,
Purchase Invoices,Facturas de Compra,
Purchase Item,Artículo de Compra,
Purchase Item Created,Artículo de Compra Creado,
Purchase Items,Artículos de Compra,
Purchase Payment,Pago de Compra,
Purchase Payment Account,Cuenta de Pago de Compra,
Purchase Payments,Pagos de Compra,
Purchase Receipt,Recibo de Compra,
Purchase Receipt Item,Artículo de Recibo de Compra,
Purchase Receipt Location,Ubicación de Recibo de Compra,
Purchase Receipt Number Series,Serie de Números de Recibo de Compra,
Purchase Receipt Print Template,Plantilla de Impresión de Recibo de Compra,
Purchase Receipt Terms,Términos de Recibo de Compra,
Purchases,Compras,
Purple,Púrpura,
Purpose,Propósito,
Qty in Batch,Cantidad en Lote,
Qty. ${0},Cantidad. ${0},
Qty. in Transfer Unit,Cantidad en Unidad de Transferencia,
Quantity,Cantidad,
Quantity (${0}) has to be greater than zero,La Cantidad (${0}) debe ser mayor que cero,
Quantity needs to be set,La Cantidad necesita ser configurada,
Quarterly,Trimestral,
Quarters,Trimestres,
Quick Search,Búsqueda Rápida,
Quick edit error: ${0} entry has no name.,Error de edición rápida: la entrada ${0} no tiene nombre.,
Quote,Cotización,
Quote Reference,Referencia de Cotización,
Rate,Tasa,
Rate (${0}) cannot be less zero.,La Tasa (${0}) no puede ser menor que cero.,
Rate (${0}) has to be greater than zero,La Tasa (${0}) debe ser mayor que cero,
Rate can't be negative.,La Tasa no puede ser negativa.,
Rate needs to be set,La Tasa necesita ser configurada,
Raw Value: ${0},Valor Bruto: ${0},
Receivable,Por Cobrar,
Receive,Recibir,
Red,Rojo,
Ref Name,Nombre de Referencia,
Ref Type,Tipo de Referencia,
Ref. / Cheque No.,Ref. / No. de Cheque,
Ref. Date,Fecha de Referencia,
Ref. Name,Nombre de Referencia,
Ref. Type,Tipo de Referencia,
Reference,Referencia,
Reference Date,Fecha de Referencia,
Reference Number,Número de Referencia,
Reference Type,Tipo de Referencia,
References,Referencias,
Reload Frappe Books?,¿Recargar Frappe Books?,
Report,Informe,
Report Error,Error de Informe,
Report Issue,Reportar Problema,
Report will use more than one page if required.,El informe usará más de una página si es necesario.,
Reports,Informes,
Required fields not selected: ${0},Campos requeridos no seleccionados: ${0},
Retained Earnings,Gacias Retenidas,
Return,Devolución,
Return Against,Devolución Contra,
Return Issued,Devolución Emitida,
Reverse Chrg.,Carga Inversa,
Reverted,Revertido,
Reverts,Reversiones,
Review Accounts,Revisar Cuentas,
"Review your chart of accounts, add any account or tax heads as needed","Revisa tu plan de cuentas, agrega cualquier cuenta o encabezado de impuestos según sea necesario",
Right Index,Índice Derecho,
Role,Rol,
Root Type,Tipo Raíz,
Round Off,Redondeo,
Round Off Account,Cuenta de Redondeo,
Round Off Account Not Found,Cuenta de Redondeo No Encontrada,
Rounded Off,Redondeado,
Row ${0},Fila ${0},
Sa,Sa,
Salary,Salario,
Sales,Ventas,
Sales Acc.,Ventas Acc.,
Sales Expenses,Gastos de Ventas,
Sales Invoice,Factura de Venta,
Sales Invoice ${0} is Submitted,Factura de Venta ${0} está Enviada,
Sales Invoice Item,Artículo de Factura de Venta,
Sales Invoice Number Series,Serie de Números de Factura de Venta,
Sales Invoice Print Template,Plantilla de Impresión de Factura de Venta,
Sales Invoice Terms,Términos de Factura de Venta,
Sales Invoices,Facturas de Venta,
Sales Item,Artículo de Venta,
Sales Item Created,Artículo de Venta Creado,
Sales Items,Artículos de Venta,
Sales Payment,Pago de Venta,
Sales Payment Account,Cuenta de Pago de Venta,
Sales Payments,Pagos de Venta,
Sales Quote,Cotización de Venta,
Sales Quote Item,Artículo de Cotización de Venta,
Sales Quote Number Series,Serie de Números de Cotización de Venta,
Sales Quote Print Template,Plantilla de Impresión de Cotización de Venta,
Sales Quotes,Cotizaciones de Venta,
Sales and Purchase,Ventas y Compras,
Save,Guardar,
Save ${0}?,¿Guardar ${0}?,
Save Customizations,Guardar Personalizaciones,
Save Template,Guardar Plantilla,
Save Template File,Guardar Archivo de Plantilla,
Save as PDF,Guardar como PDF,
Save as PDF Successful,Guardar como PDF Exitoso,
Save changes made to ${0}?,¿Guardar cambios realizados en ${0}?,
Save or Submit an entry.,Guardar o Enviar una entrada.,
Saved,Guardado,
Search an Item,Buscar un Artículo,
Secured Loans,Préstamos Garantizados,
Securities and Deposits,Valores y Depósitos,
Select,Seleccionar,
Select CoA,Seleccionar CoA,
Select Color,Seleccionar Color,
Select Country,Seleccionar País,
Select File,Seleccionar Archivo,
Select Image,Seleccionar Imagen,
Select Template File,Seleccionar Archivo de Plantilla,
Select a Display Doc to view the Template,Seleccionar un Documento de Visualización para ver la Plantilla,
Select a Template type,Seleccionar un tipo de Plantilla,
Select a form type to customize,Seleccionar un tipo de formulario para personalizar,
"Select a pre-defined page size, or set a custom page size for your Print Template.",Seleccionar un tamaño de página predefinido o establecer un tamaño de página personalizado para tu Plantilla de Impresión.,
Select column,Seleccionar columna,
Select file,Seleccionar archivo,
Select folder,Seleccionar carpeta,
Select the template type.,Seleccionar el tipo de plantilla.,
Selected,Seleccionado,
September,Septiembre,
Serial Number,Número de Serie,
Serial Number ${0} does not belong to the item ${1}.,El Número de Serie ${0} no pertenece al artículo ${1}.,
Serial Number ${0} does not exist.,El Número de Serie ${0} no existe.,
Serial Number ${0} is not Active.,El Número de Serie ${0} no está Activo.,
Serial Number ${0} is not Inactive,El Número de Serie ${0} no está Inactivo,
Serial Number ${0} status is not Active.,El estado del Número de Serie ${0} no es Activo.,
Serial Number Description,Descripción del Número de Serie,
Serial Number is enabled for Item ${0},El Número de Serie está habilitado para el Artículo ${0},
Serial Number is not enabled for Item ${0},El Número de Serie no está habilitado para el Artículo ${0},
Serial Number not set for row ${0}.,Número de Serie no configurado para la fila ${0}.,
Serial Number set for row ${0}.,Número de Serie configurado para la fila ${0}.,
Service,Servicio,
Set Discount Amount,Establecer Monto de Descuento,
Set Period,Establecer Período,
Set Print Size,Establecer Tamaño de Impresión,
Set Template Type,Establecer Tipo de Plantilla,
Set Up,Configurar,
Set Up Your Workspace,Configurar tu Espacio de Trabajo,
Set a Template value to see the Print Template,Establecer un valor de Plantilla para ver la Plantilla de Impresión,
Set an Import Type,Establecer un Tipo de Importación,
Set the display language.,Establecer el idioma de visualización.,
Set the local code. This is used for number formatting.,Establecer el código local. Esto se usa para el formato de números.,
"Set up your company information, email, country and fiscal year","Configurar la información de tu empresa, correo electrónico, país y año fiscal",
Set up your opening balances before performing any accounting entries,Configurar tus saldos iniciales antes de realizar cualquier entrada contable,
Set up your organization,Configurar tu organización,
Set up your tax templates for your sales or purchase transactions,Configurar tus plantillas de impuestos para tus transacciones de ventas o compras,
Sets how many digits are shown after the decimal point.,Establece cuántos dígitos se muestran después del punto decimal.,
Sets the app-wide date display format.,Establece el formato de visualización de la fecha en toda la aplicación.,
Sets the internal precision used for monetary calculations. Above 6 should be sufficient for most currencies.,Establece la precisión interna utilizada para cálculos monetarios. Más de 6 debería ser suficiente para la mayoría de las monedas.,
Setting Up Instance,Configurando Instancia,
Settings,Configuración,
Setup,Configuración,
Setup Complete,Configuración Completa,
Setup Wizard,Asistente de Configuración,
Setup system defaults like date format and display precision,Configurar los valores predeterminados del sistema como el formato de fecha y la precisión de visualización,
Shipment,Envío,
Shipment ${0} is Submitted,Envío ${0} está Enviado,
Shipment Item,Artículo de Envío,
Shipment Location,Ubicación de Envío,
Shipment Number Series,Serie de Números de Envío,
Shipment Print Template,Plantilla de Impresión de Envío,
Shipment Terms,Términos de Envío,
Shortcuts,Atajos,
Should entries be submitted after syncing?,¿Deben enviarse las entradas después de sincronizar?,
Show HSN,Mostrar HSN,
Show Me,Muéstrame,
Show Month/Year,Mostrar Mes/Año,
Single Value,Valor Único,
Skip Child Tables,Omitir Tablas Hijas,
Skip Transactions,Omitir Transacciones,
Smallest Currency Fraction Value,Valor de Fracción de Moneda Más Pequeño,
Softwares,Softwares,
Something has gone terribly wrong. Please check the console and raise an issue.,"Algo ha salido terriblemente mal. Por favor, revisa la consola y reporta un problema.",
Source of Funds (Liabilities),Fuente de Fondos (Pasivos),
Standard Chart of Accounts,Plan de Cuentas Estándar,
Start,Iniciar,
Start From Row Index,Iniciar Desde el Índice de Fila,
State,Estado,
State Tax,Impuesto Estatal,
Status,Estado,
Stock,Inventario,
Stock Adjustment,Ajuste de Inventario,
Stock Assets,Activos de Inventario,
Stock Balance,Balance de Inventario,
Stock Entries,Entradas de Inventario,
Stock Expenses,Gastos de Inventario,
Stock In Hand,Inventario en Mano,
Stock In Hand Acc.,Inventario en Mano Acc.,
Stock Ledger,Libro Mayor de Inventario,
Stock Ledger Entry,Entrada del Libro Mayor de Inventario,
Stock Liabilities,Pasivos de Inventario,
Stock Movement,Movimiento de Inventario,
Stock Movement Item,Artículo de Movimiento de Inventario,
Stock Movement No.,No. de Movimiento de Inventario,
Stock Movement Number Series,Serie de Números de Movimiento de Inventario,
Stock Movement Print Template,Plantilla de Impresión de Movimiento de Inventario,
Stock Movements,Movimientos de Inventario,
Stock Not Received,Inventario No Recibido,
Stock Not Shipped,Inventario No Enviado,
Stock Not Transferred,Inventario No Transferido,
Stock Received But Not Billed,Inventario Recibido Pero No Facturado,
Stock Received But Not Billed Acc.,Inventario Recibido Pero No Facturado Acc.,
Stock Transfer Item,Artículo de Transferencia de Inventario,
Stock Unit,Unidad de Inventario,
StockTransfer,Transferencia de Inventario,
Stores,Almacenes,
Su,Su,
Submit,Enviar,
Submit ${0}?,¿Enviar ${0}?,
Submit & Print,Enviar e Imprimir,
Submit entries?,¿Enviar entradas?,
Submitted,Enviado,
Success,Éxito,
Supplier,Proveedor,
Supplier Created,Proveedor Creado,
Suppliers,Proveedores,
Symbol,Símbolo,
System,Sistema,
System Settings,Configuración del Sistema,
System Setup,Configuración del Sistema,
Table,Tabla,
Target,Objetivo,
Tax,Impuesto,
Tax Account,Cuenta de Impuesto,
Tax Amount,Monto del Impuesto,
Tax Assets,Activos de Impuesto,
Tax Detail,Detalle del Impuesto,
Tax ID,ID de Impuesto,
Tax Invoice Account,Cuenta de Factura de Impuesto,
Tax Payment Account,Cuenta de Pago de Impuesto,
Tax Rate,Tasa de Impuesto,
Tax Summary,Resumen de Impuestos,
Tax Template,Plantilla de Impuesto,
Tax Templates,Plantillas de Impuesto,
Tax and Totals,Impuesto y Totales,
Taxable Value,Valor Imponible (Impuestos),
Taxed Amount,Monto Imponible (Impuestos),
Taxes,Impuestos,
Taxes and Charges,Impuestos y Cargos,
Teal,Verde Azulado,
Telephone Expenses,Gastos Telefónicos,
Template,Plantilla,
Template Builder,Constructor de Plantillas,
Template Compilation Error,Error de Compilación de Plantilla,
Template Name,Nombre de la Plantilla,
Template Type,Tipo de Plantilla,
Template file saved,Archivo de Plantilla guardado,
Temporary,Temporal,
Temporary Accounts,Cuentas Temporales,
Temporary Opening,Apertura Temporal,
Terms,Términos,
Text,Texto,
Th,Th,
The following characters cannot be used ${0} in a Number Series name.,Los siguientes caracteres no pueden ser usados ${0} en un nombre de Serie de Números.,
The following items have insufficient quantity for Shipment: ${0},Los siguientes artículos tienen cantidad insuficiente para el Envío: ${0},
This Month,Este Mes,
This Quarter,Este Trimestre,
This Year,Este Año,
This action is permanent,Esta acción es permanente,
This action is permanent and will cancel the following payment: ${0},Esta acción es permanente y cancelará el siguiente pago: ${0},
This action is permanent and will cancel the following payments: ${0},Esta acción es permanente y cancelará los siguientes pagos: ${0},
This action is permanent and will delete associated ledger entries.,Esta acción es permanente y eliminará las entradas del libro mayor asociadas.,
This action is permanent.,Esta acción es permanente.,
Times New Roman,Times New Roman,
To,A,
To Account,A la Cuenta,
To Account and From Account can't be the same: ${0},La Cuenta de Destino y la Cuenta de Origen no pueden ser la misma: ${0},
To Date,Hasta la Fecha,
To Loc.,Hasta la Ubicación,
To Year,Hasta el Año,
Toggle Edit Mode,Alternar Modo de Edición,
Toggle Key Hints,Alternar Pistas de Claves,
"Toggle Linked Entries widget, not available in Quick Edit view.","Alternar el widget de Entradas Vinculadas, no disponible en la vista de Edición Rápida.",
Toggle between form and full width,Alternar entre formulario y ancho completo,
Toggle sidebar,Alternar barra lateral,
Toggle the Create filter,Alternar el filtro Crear,
Toggle the Docs filter,Alternar el filtro Documentos,
Toggle the List filter,Alternar el filtro Lista,
Toggle the Page filter,Alternar el filtro Página,
Toggle the Report filter,Alternar el filtro Informe,
Top Expenses,Principales Gastos,
Total,Total,
Total Amount,Monto Total,
Total Asset (Debit),Total de Activos (Débito),
Total Debit: ${0} must be equal to Total Credit: ${1},El Total de Débito: ${0} debe ser igual al Total de Crédito: ${1},
Total Discount,Descuento Total,
Total Equity (Credit),Total de Patrimonio (Crédito),
Total Expense (Debit),Total de Gastos (Débito),
Total Income (Credit),Total de Ingresos (Crédito),
Total Liability (Credit),Total de Pasivos (Crédito),
Total Profit,Gacia Total,
Total Quantity,Cantidad Total,
Total Spending,Gasto Total,
Track Inventory,Rastrear Inventario,
Transfer,Transferir,
Transfer No,No de Transferencia,
Transfer Type,Tipo de Transferencia,
Transfer Unit,Unidad de Transferencia,
Transfer Unit ${0} is not applicable for Item ${1},La Unidad de Transferencia ${0} no es aplicable para el Artículo ${1},
Transfer will cause future entries to have negative stock.,La transferencia causará que las entradas futuras tengan inventario negativo.,
Travel Expenses,Gastos de viaje,
Trial Balance,Balance provisional,
Tu,Tu,
Type,Tipo,
Type to search...,Escribe para buscar...,
UOM,UOM,
UOM Conversion Item,Artículo de Conversión de UOM,
UOM Conversions,Conversiones de UOM,
Unit,Unidad,
Unit Type,Tipo de Unidad,
Unpaid,No Pagado,
Unpaid ${0},No Pagado ${0},
Unsecured Loans,Préstamos No Garantizados,
Until Date,Hasta la Fecha,
Use Full Width,Usar Ancho Completo,
Use List Filters,Usar Filtros de Lista,
User Remark,Comentario del Usuario,
Utility Expenses,Gastos de Servicios Públicos,
Validation Error,Error de Validación,
Value,Valor,
Value missing for ${0},Falta el valor para ${0},
Value: ${0},Valor: ${0},
Version,Versión,
View,Ver,
View Accounting Entries,Ver Entradas Contables,
View Paid Invoices,Ver Facturas Pagadas,
View Purchases,Ver Compras,
View Sales,Ver Ventas,
View Stock Entries,Ver Entradas de Inventario,
View Unpaid Invoices,Ver Facturas No Pagadas,
View linked entries,Ver entradas vinculadas,
We,Nosotros,
Welcome to Frappe Books,Bienvenido a Frappe Books,
Width (in cm),Ancho (en cm),
Write Off,Cancelación,
Write Off Account,Cuenta de Cancelación,
Write Off Account ${0} does not exist. Please set Write Off Account in General Settings,"La Cuenta de Cancelación ${0} no existe. Por favor, configure la Cuenta de Cancelación en Configuración General",
Write Off Account not set. Please set Write Off Account in General Settings,"La Cuenta de Cancelación no está configurada. Por favor, configure la Cuenta de Cancelación en Configuración General",
Write Off Entry,Entrada de Cancelación,
Year to Date,Año hasta la Fecha,
Yearly,Anual,
Years,Años,
Yellow,Amarillo,
Yes,Sí,
check values and click on,verifica los valores y haz clic en,
in Batch ${0},en Lote ${0},
john@doe.com,john@doe.com,
to apply changes,para aplicar cambios,
